id,title,description,image_link,link,product_type,brand,price,availability,item_group_id,checkout_url,additional_image_link,sale_price_effective_date,sale_price,condition,visibility,default_product,variant
wc_post_id_876,"Empacadora al Vacío EVAC-20P","Empacadora al Vacío 
Marca: Rhino 
Modelo: EVAC-20P 
Prolonga la vida de los productos perecederos hasta 10 veces más. 
 
Con una altura de 100 cm y ruedas giratorias para fácil transportación 
 
  Barra selladora de 51 cm. 
  5 ciclos de tiempo de empacado, hasta 99 segundos. 
  Cuerpo fabricado en acero inoxidable para máxima higiene. 
  Tapa de metacrilato trasparente. 
 
Entrada de corriente. 110 Vca/60 Hz 
 
Potencia del motor: 900 W 
 
Capacidad de la bomba: 20 m3/h 
 
Medidas de cámara de vacío: 55 x 55 x 14 cm 
 
Medidas exteriores: 60 x 65 x 100 cm",https://servicombasculas.com.mx/wp-content/uploads/2020/07/EVAC-20P.jpg,https://servicombasculas.com.mx/tienda/empacadora-al-vacio-evac-20p/,"Maquinaria Comercial","Básculas Digitales",51433MXN,in stock,wc_post_id_876,https://servicombasculas.com.mx/carrito/?add-to-cart=876,,1970-01-29T00:00+00:00/1970-01-30T23:59+00:00,51433MXN,new,published,,
wc_post_id_874,"Empacadora al Vacío EVAC-20","Empacadora al Vacío 
Marca: Rhino 
Modelo: EVAC-20 
Prolonga la vida de los productos perecederos hasta 10 veces más. 
 
  Barra selladora de 41 cm. 
  5 ciclos de tiempo de empacado, hasta 99 segundos. 
  Cuerpo fabricado en acero inoxidable para máxima higiene. 
  Tapa de metacrilato transparente. 
 
Entrada de corriente: 110 Vca/ 60 Hz 
 
Potencia del motor: 900 W 
 
Capacidad de bomba: 20 m3/h 
 
Cámara de vacío: 45 x 45 x 14 cm 
 
Medidas exteriores: 50 x 55 x 50 cm",https://servicombasculas.com.mx/wp-content/uploads/2020/07/EVAC-20.jpg,https://servicombasculas.com.mx/tienda/empacadora-al-vacio-evac-20/,"Maquinaria Comercial","Básculas Digitales",41760MXN,in stock,wc_post_id_874,https://servicombasculas.com.mx/carrito/?add-to-cart=874,,1970-01-29T00:00+00:00/1970-01-30T23:59+00:00,41760MXN,new,published,,
wc_post_id_872,"Empacadora al Vacío EVAC-8","Empacadora al vacío 
Marca: Rino 
Modelo: EVAC-8 
Prolonga la vida de los productos perecederos hasta 10 veces más. 
 
  Barra selladora de 27 cm. 
  5 ciclos de tiempo de empacado, hasta 99 segundos. 
  Cuerpo fabricado en acero inoxidable para máxima higiene. 
  Tapa de metacrilato transparente. 
 
Entrada de corriente: 110 Vca/60 Hz 
 
Potencia del motor. 400 W 
 
Capacidad de bomba: 8 m3/h 
 
Cámara de vacío: 29 x 39 x 10 cm 
 
Medidas exteriores: 48 x 33 x 35 cm",https://servicombasculas.com.mx/wp-content/uploads/2020/07/EVAC-8.jpg,https://servicombasculas.com.mx/tienda/empacadora-al-vacio-evac-8/,"Maquinaria Comercial","Básculas Digitales",30346MXN,in stock,wc_post_id_872,https://servicombasculas.com.mx/carrito/?add-to-cart=872,,1970-01-29T00:00+00:00/1970-01-30T23:59+00:00,30346MXN,new,published,,
wc_post_id_867,"Batidora Planetaria de 27 litros BATI-30","Batidora Planetaria de 27 litros 
Marca: Rhino 
Modelo: BATI-30 
Batidora con potente motor de 1.5 hp, con acción planetaria que permite al batidor girar sobre su propio eje y además haga un recorrido circular continuo para elaborar grandes cantidades. Para elaboración de pastelería, bizcochería y pan de masa ligera. 
 
  3 velocidades (amasa, mezcla y bate). 
  Tazón de acero inoxidable. 
  Reja protectora. 
 
Capacidad de tazón: 27 litros. 
 
Capacidad de amasado: 5.25 kg 
 
Velocidades: 3 
 
Velocidad: 105/180/408 RPM 
 
Voltaje: 127 V 60 Hz 
 
Potencia: 1,100 W",https://servicombasculas.com.mx/wp-content/uploads/2020/07/BATI-30.jpg,https://servicombasculas.com.mx/tienda/batidora-planetaria-de-27-litros-bati-30/,"Maquinaria Comercial","Básculas Digitales",29460MXN,in stock,wc_post_id_867,https://servicombasculas.com.mx/carrito/?add-to-cart=867,,1970-01-29T00:00+00:00/1970-01-30T23:59+00:00,29460MXN,new,published,,
wc_post_id_864,"Batidora Planetaria de 20 litros BATI-20","Batidora Planetaria de 20 litros 
Marca: Rhino 
Modelo: BATI-20 
Su acción planetaria permite que el batidor gire sobre su propio eje y además haga un recorrido circular continuo. Para elaboración de pastelería, bizcochería y pan de masa ligera. Incluye accesorios para mezclar, batir y amasar. 
 
  3 velocidades. 
  Tazón de acero inoxidable. 
  Reja protectora. 
 
Capacidad de tazón: 20 litros 
 
Capacidad de amasado: 4.5 kg 
 
Velocidades: 3 
 
Velocidad: 105/180/408 RPM 
 
Voltaje: 127 V 60 Hz 
 
Potencia: 750 W",https://servicombasculas.com.mx/wp-content/uploads/2020/07/BATI-20.jpg,https://servicombasculas.com.mx/tienda/batidora-planetaria-de-20-litros-bati-20/,"Maquinaria Comercial","Básculas Digitales",27287MXN,in stock,wc_post_id_864,https://servicombasculas.com.mx/carrito/?add-to-cart=864,,1970-01-29T00:00+00:00/1970-01-30T23:59+00:00,27287MXN,new,published,,
wc_post_id_862,"Batidora Planetaria de 10 litros BATI-10","Batidora Planetaria de 10 litros 
Marca: Rhino 
Modelo: BATI-10 
Su acción planetaria permite que el batidor gire sobre su propio eje y además haga un recorrido circular continuo. Para elaboración de pastelería, bizcochería y pan de masa ligera. Incluye accesorios para mezclar, batir y amasar. 
 
  3 velocidades. 
  Tazón de acero inoxidable. 
  Reja protectora. 
 
Capacidad tazón: 10 litros 
 
Capacidad amasado: 1.5 kg 
 
Velocidades: 3 
 
Voltaje: 110/178/390 RMP 
 
Voltaje: 127 V 60 Hz 
 
Potencia: 450 W",https://servicombasculas.com.mx/wp-content/uploads/2020/07/BATI-10.jpg,https://servicombasculas.com.mx/tienda/batidora-planetaria-de-10-litros-bati-10/,"Maquinaria Comercial","Básculas Digitales",19740MXN,in stock,wc_post_id_862,https://servicombasculas.com.mx/carrito/?add-to-cart=862,,1970-01-29T00:00+00:00/1970-01-30T23:59+00:00,19740MXN,new,published,,
wc_post_id_860,"Batidora Planetaria de 7 litros BATI-7","Batidora Planetaria de 7 litros 
Marca: Rhino 
Modelo: BATI-7 
Para preparar pastelería, bizcochería y pan de masa ligera. Incluye accesorios para mezclar, batir y amasar. 
 
  10 Velocidades. 
  Tazón de acero inoxidable. 
  Cubierta plástica de protección. 
 
Capacidad de tazón: 7 litros 
 
Capacidad de amasado: 0.6kg 
 
Velocidad: 0 a 780 RPM 
 
Voltaje: 127 V 60 Hz 
 
Potencia: 350 W",https://servicombasculas.com.mx/wp-content/uploads/2020/07/BATI-7.jpg,https://servicombasculas.com.mx/tienda/batidora-planetaria-de-7-litros-bati-7/,"Maquinaria Comercial","Básculas Digitales",12855MXN,in stock,wc_post_id_860,https://servicombasculas.com.mx/carrito/?add-to-cart=860,,1970-01-29T00:00+00:00/1970-01-30T23:59+00:00,12855MXN,new,published,,
wc_post_id_858,"Amasadora de 50 litros AMASA-50","Amasadora de 50 litros 
Marca: Rhino 
Modelo: AMASA-50 
Construcción robusta, motor de 4 hp. Rotación de espiral y tazón para un buen amasado inclusive con poca masa. 
 
  Doble acción giratoria (mezclador y tazón). 
  Temporizador de 60 minutos para optimización de la producción. 
  Tazón, espiral y rejilla fabricados en acero inoxidable. 
 
Capacidad de tazón: 50 litros 
 
Capacidad de amasado: 30 kg 
 
Voltaje: 220 V 60 Hz 
 
Potencia: 3,000 W",https://servicombasculas.com.mx/wp-content/uploads/2020/07/AMASA-50.jpg,https://servicombasculas.com.mx/tienda/amasadora-de-50-litros-amasa-50/,"Maquinaria Comercial","Básculas Digitales",40970MXN,in stock,wc_post_id_858,https://servicombasculas.com.mx/carrito/?add-to-cart=858,,1970-01-29T00:00+00:00/1970-01-30T23:59+00:00,40970MXN,new,published,,
wc_post_id_856,"Amasadora de 20 litros AMASA-20","Amasadora de 20 litros 
Marca: Rhino 
Modelo. AMASA-20 
Construcción robusta, motor de 1.5 hp. Rotación de espiral y tazón para un buen amasado inclusive con poca masa. 
 
  Doble acción giratoria (mezclador y tazón). 
  Temporizador de 60 minutos para optimizar la producción. 
  Tazón, espiral y rejilla fabricados en acero inoxidable. 
 
Capacidad de tazón: 20 litros 
 
Capacidad de amasado: 12 kg 
 
Voltaje: 127 V 60 Hz 
 
Potencia: 1,100 W",https://servicombasculas.com.mx/wp-content/uploads/2020/07/AMASA-20.jpg,https://servicombasculas.com.mx/tienda/amasadora-de-20-litros-amasa-20/,"Maquinaria Comercial","Básculas Digitales",27273MXN,in stock,wc_post_id_856,https://servicombasculas.com.mx/carrito/?add-to-cart=856,,1970-01-29T00:00+00:00/1970-01-30T23:59+00:00,27273MXN,new,published,,
wc_post_id_851,"Báscula de Plataforma de 1.5 tonelada BAPER-12","Báscula de Plataforma de 1.5 tonelada 
Marca: Advance 
Modelo: BAPER-12 
Ideales para recibo de mercancía en almacenes. Pueden usarse en piso o fosa. 
 
  Celdas de carga fabricadas en acero. 
  Caja de sumas resistente al agua (IP64). 
  Superficie de diamante antiderrapante. 
 
Capacidad: 1.5 tonelada 
 
Precisión: 500 g 
 
Material: Acero al carbono 
 
Altura: 11 cm 
 
Clase: Media lll",https://servicombasculas.com.mx/wp-content/uploads/2020/07/BAPER-12.jpg,https://servicombasculas.com.mx/tienda/bascula-de-plataforma-de-1-5-tonelada-baper-12/,"Básculas de Plataforma","Básculas Digitales",13500MXN,in stock,wc_post_id_851,https://servicombasculas.com.mx/carrito/?add-to-cart=851,,1970-01-29T00:00+00:00/1970-01-30T23:59+00:00,13500MXN,new,published,,
wc_post_id_849,"Báscula de Plataforma de 600 kg BAPLE-600","Báscula de Plataforma de 600 kg 
Marca: Advance 
Modelo: BAPLE-600 
Doble función: despacho o recibo de mercancía, gracias a su indicador “peso, precio e importe”. 
 
  Barandal de protección. 
  Fácil transportación gracias a su diseño plegable portátil. 
  Superficie diamante antederrapante. 
 
Capacidad: 600 kg 
 
Precisión: 200 g 
 
Material del plato: Acero al carbono 
 
Medidas del plato: 60 x 80 cm 
 
Memorias de acceso directo: 4 
 
Entrada de corriente: 100-240 Vca 50/60 Hz 
 
Batería recargable: 4 Vcc 
 
Clase: Media lll",https://servicombasculas.com.mx/wp-content/uploads/2020/07/BAPLE-600.jpg,https://servicombasculas.com.mx/tienda/bascula-de-plataforma-de-600-kg-baple-600/,"Básculas de Plataforma","Básculas Digitales",6100MXN,in stock,wc_post_id_849,https://servicombasculas.com.mx/carrito/?add-to-cart=849,"https://servicombasculas.com.mx/wp-content/uploads/2020/07/BP-200-PL.jpg",1970-01-29T00:00+00:00/1970-01-30T23:59+00:00,6100MXN,new,published,,
wc_post_id_847,"Báscula de Plataforma de 400 kg BAPLE-400","Báscula de Plataforma de 400 kg 
Marca: Advance 
Modelo: BAPLE-400 
Doble función: despacho o recibo de mercancía, gracias a su indicador “peso, precio e importe”. 
 
  Barandal de protección. 
  Fácil transportación gracias a su diseño plegable portátil. 
  Superficie diamante antiderrapante. 
 
Capacidad: 400 kg 
 
Precisión: 100 g 
 
Material del plato: Acero al carbono 
 
Medidas del plato: 50 x 60 cm 
 
Memorias de acceso directo. 4 
 
Entrada de corriente: 100-240 Vcca 50/60 Hz 
 
Batería recargable: 4 Vcc 
 
Clase: Media lll",https://servicombasculas.com.mx/wp-content/uploads/2020/07/BAPLE-400.jpg,https://servicombasculas.com.mx/tienda/bascula-de-plataforma-de-400-kg-baple-40/,"Básculas de Plataforma","Básculas Digitales",5010MXN,in stock,wc_post_id_847,https://servicombasculas.com.mx/carrito/?add-to-cart=847,"https://servicombasculas.com.mx/wp-content/uploads/2020/07/BP-200-PL.jpg",1970-01-29T00:00+00:00/1970-01-30T23:59+00:00,5010MXN,new,published,,
wc_post_id_845,"Báscula de Plataforma de 200 kg BAPLE-200","Báscula de Plataforma de 200-kg 
Marca: Advance 
Modelo: BAPLE-200 
Doble función: despacho o recibo de mercancía, gracias a su indicador “peso, precio e importe”. 
 
  Barandal de protección. 
  Fácil transportación gracias a su diseño plegable portátil. 
  Superficie diamante antiderrapante. 
 
Capacidad: 200 kg 
 
Precisión: 50 g 
 
Material del plato: Acero al carbono 
 
Medidas del plato: 40 x 50 cm 
 
Memorias de acceso directo: 4 
 
Entrada de corriente: 100-240 Vca 50/60 Hz 
 
Batería recargable: 4 Vcc 
 
Clase: Media lll",https://servicombasculas.com.mx/wp-content/uploads/2020/07/BAPLE-200-600x600-1.jpg,https://servicombasculas.com.mx/tienda/bascula-de-plataforma-de-200-kg-baple-200/,"Básculas de Plataforma","Básculas Digitales",2975MXN,in stock,wc_post_id_845,https://servicombasculas.com.mx/carrito/?add-to-cart=845,"https://servicombasculas.com.mx/wp-content/uploads/2020/07/BP-200-PL.jpg",1970-01-29T00:00+00:00/1970-01-30T23:59+00:00,2975MXN,new,published,,
wc_post_id_843,"Báscula de Plataforma de 100 kg BAPLE-100","Báscula de Plataforma de 100 kg 
Marca: Advance 
Modelo: BAPLE-100 
Doble función: despacho o recibo de mercancía, gracias a su indicador “peso, precio e importe”. 
 
  Barandal de protección. 
  Fácil transportación gracias a su diseño plegable portátil. 
  Superficie diamante antiderrapante. 
 
Capacidad: 100 kg 
 
Precisión: 20 g 
 
Material del plato: Acero al carbono 
 
Medidas del plato: 30 x 40 cm 
 
Memorias de acceso directo: 4 
 
Entrada de corriente: 100-240 Vca 50/60 Hz 
 
Batería recargable: 4 Vcc 
 
Clase: Media lll",https://servicombasculas.com.mx/wp-content/uploads/2020/07/BAPLE-100.jpg,https://servicombasculas.com.mx/tienda/bascula-de-plataforma-de-100-kg-baple-100/,"Básculas de Plataforma","Básculas Digitales",2555MXN,in stock,wc_post_id_843,https://servicombasculas.com.mx/carrito/?add-to-cart=843,"https://servicombasculas.com.mx/wp-content/uploads/2020/07/BP-200-PL.jpg",1970-01-29T00:00+00:00/1970-01-30T23:59+00:00,2555MXN,new,published,,
wc_post_id_840,"Báscula de Mostrador Porcionadora de 10 kg BAPO-10","Báscula de Mostrador Porcionadora de 10 kg 
Marca: Rhino 
Modelo: BAPO-10 
1 gramo de precisión. Ideal para cocinas industriales, restaurantes, escuelas de gastronomía, etc. 
 
  Función de cálculo de porciones. 
  Pesa en: kilogramos, libras y onzas. 
  Función de conteo de piezas. 
  Incluye mica transparente que protege la báscula de líquidos, harinas y polvos. 
 
Capacidad: 10 kg 
 
Precisión: 1 g 
 
Material del plato: Acero inoxidable 
 
Medidas del plato: 30 x 23 
 
Entrada de corriente: 100-240 Vca 50/60 Hz 
 
Adaptador de ca / cc: 6 Vcc 500 mA 
 
Batería recargable: 4 Vcc 
 
Clase: Media lll",https://servicombasculas.com.mx/wp-content/uploads/2020/07/bapo-10.jpg,https://servicombasculas.com.mx/tienda/bascula-de-mostrador-porcionadora-de-10-kg-bapo-10/,"Básculas Contadoras, Básculas de Mostrador","Básculas Digitales",1540MXN,in stock,wc_post_id_840,https://servicombasculas.com.mx/carrito/?add-to-cart=840,,1970-01-29T00:00+00:00/1970-01-30T23:59+00:00,1540MXN,new,published,,
wc_post_id_838,"Báscula de Mostrador de 60 kg BAR-10","Báscula de Mostrador de 60 kg 
Marca: Rhino 
Modelo: BAR-10 
Báscula 2 en 1 por su gran capacidad, puede usarse para despachar o recibir mercancía. 
 
  Función de caja registradora. 
  Transferencia de datos por medio de puerto USB. 
  Suma productos no pesados a la cuenta. 
  Pantallas de peso precio y total. 
  Incluye mica transparente que protege la báscula contra líquidos, harinas y polvos. 
 
Capacidad: 60 kg 
 
Precisión: 5 g 
 
Material del plato: Acero inoxidable 
 
Medidas del plato: 36 x 26 cm 
 
Entrada de corriente: 100-240 Vca 50/60 Hz 
 
Adaptador de ca / cc: 6Vcc 500 mA 
 
Batería recargable: 4 Vcc 
 
Clase: Finall",https://servicombasculas.com.mx/wp-content/uploads/2020/07/BAR-10.jpg,https://servicombasculas.com.mx/tienda/bascula-de-mostrador-de-60-kg-bar-10/,"Básculas de Mostrador","Básculas Digitales",2425MXN,in stock,wc_post_id_838,https://servicombasculas.com.mx/carrito/?add-to-cart=838,"https://servicombasculas.com.mx/wp-content/uploads/2020/07/BAR-8RSusb.jpg",1970-01-29T00:00+00:00/1970-01-30T23:59+00:00,2425MXN,new,published,,
wc_post_id_836,"Báscula de Mostrador de 40 kg BAR-9","Báscula de Mostrador de 40 kg 
Marca: Rhino 
Modelo: BAR-9 
Ideal para carnicerías y pollerías por sus pantallas más grandes, plato de mayor calibre y tamaño (36 x 26 cm), precisión de 2 gramos, reduce mermas al mínimo. 
 
  Función de caja registradora. 
  Suma productos no pesados a la cuenta. 
  Pantallas de peso, precio y total. 
  Transferencia de datos por medio de puerto USB. 
  Incluye mica transparente que protege la báscula contra líquidos, harina y polvo. 
 
Capacidad: 40 kg 
 
Precisión: 2 g 
 
Material del plato: Acero inoxidable 
 
Medidas del plato: 36 x 26 cm 
 
Entrada de corriente: 100-240 Vca 50/60 Hz 
 
Adaptador ca / cc: 6 Vcc 500 mA 
 
Batería recargable: 4 Vcc 
 
Clase: Fina ll",https://servicombasculas.com.mx/wp-content/uploads/2020/07/BAR-9.jpg,https://servicombasculas.com.mx/tienda/bascula-de-mostrador-de-40-kg-bar-9/,"Básculas de Mostrador","Básculas Digitales",1950MXN,in stock,wc_post_id_836,https://servicombasculas.com.mx/carrito/?add-to-cart=836,"https://servicombasculas.com.mx/wp-content/uploads/2020/07/BAR-8RSusb.jpg",1970-01-29T00:00+00:00/1970-01-30T23:59+00:00,1950MXN,new,published,,
wc_post_id_833,"Báscula de Mostrador de 40 kg BAR-8RS","Báscula de Mostrador de 40 kg 
Marca: Rhino 
Modelo: BAR-8RS 
Ideal para negocios que requieren solución punto de venta, 2 gramos de precisión, reduce mermas al mínimo. 
 
  Función de caja registradora. 
  Pantallas de peso, precio y total. 
  Comunicación habilitada a través de puerto USB. 
  Incluye mica transparente que protege la báscula contra líquidos, harinas y polvo. 
 
Capacidad: 40 kg 
 
Precisión: 2 g 
 
Material del plato: Acero inoxidable 
 
Medidas del plato: 35 x 25 cm 
 
Entrada de corriente: 100-240 Vca 50/60 Hz 
 
Adaptador ca / cc: 6 Vcc 500 mA 
 
Batería recargable:  4 Vcc 
 
Clase: Fina ll",https://servicombasculas.com.mx/wp-content/uploads/2020/07/BAR-8.jpg,https://servicombasculas.com.mx/tienda/bascula-de-mostrador-de-40-kg-bar-8rs/,"Básculas de Mostrador","Básculas Digitales",1900MXN,in stock,wc_post_id_833,https://servicombasculas.com.mx/carrito/?add-to-cart=833,"https://servicombasculas.com.mx/wp-content/uploads/2020/07/BAR-8RSusb.jpg",1970-01-29T00:00+00:00/1970-01-30T23:59+00:00,1900MXN,new,published,,
wc_post_id_798,"Báscula de Mostrador con torreta de 40 kg BAR-8T","Báscula de Mostrador con torreta de 40 kg 
Marca: Rhino 
Modelo: BAR-8T 
Ideal para negocios que requieren optimizar el espacio en mostrador, 2 gramos de precisión, reduce mermas al mínimo. 
 
  Función de caja registradora. 
  Suma productos no pesados a la cuenta. 
  Pantallas de peso, precio y total. 
  Ideal para mostradores con producto en exhibición. 
  Torreta con pantallas para usuario / cliente. 
  Incluye mica transparente que protegela báscula contra líquidos, harina y polvo. 
 
Capacidad: 40 kilogramos 
 
Precisión: 2 gramos 
 
Material del plato: Acero inoxidable 
 
Medidas del plato: 35.5 x 23.5 cm 
 
Memorias de acceso directo: 3 
 
Entrada de corriente: 100-240 Vca 50/60 Hz 
 
Adaptador de ca / cc: 6 Vcc 500 mA 
 
Batería recargable: 4 Vcc 
 
Clase: Fina ll",https://servicombasculas.com.mx/wp-content/uploads/2020/07/BAR-8T.jpg,https://servicombasculas.com.mx/tienda/bascula-de-mostrador-con-torreta-de-40-kg-bar-8t/,"Básculas de Mostrador","Básculas Digitales",2425MXN,in stock,wc_post_id_798,https://servicombasculas.com.mx/carrito/?add-to-cart=798,,1970-01-29T00:00+00:00/1970-01-30T23:59+00:00,2425MXN,new,published,,
wc_post_id_794,"Báscula Etiquetadora con wifi de 30 kg BAET-30X","Báscula Etiquetadora con wifi de 30 kg 
Marca: Rhino 
Modelo: BAET-30X 
Ideal para autoservicios, carnicerías y cremerías, incluye software para una fácil gestión de datos. 
 
  Software intuitivo. 
  Almacenamiento de 12,000 PLU. 
  Teclado de alta sensibilidad al tacto. 
  Impresión de tickets y etiquetas personalizadas. 
  Cubierta cubre polvo y agua. 
  Torreta con pantallas para usuario / cliente. 
 
Capacidad: 30 kilogramos 
 
Precisión: 5 gramos 
 
Material del plato: Acero inoxidable 
 
Medidas del plato: 34 x 26 cm 
 
Entradas de corriente: 110 - 240 V 50 / 60 Hz 1A 
 
Accesos directos: 224 
 
Conexión a PC: Ethernet / WiFi 
 
Clase: Media lll",https://servicombasculas.com.mx/wp-content/uploads/2020/07/BAET-30X.jpg,https://servicombasculas.com.mx/tienda/bascula-etiquetadora-con-wifi-de-30-kg-baet-30x/,"Básculas de Mostrador, Básculas Etiquetadoras","Básculas Digitales",26000MXN,in stock,wc_post_id_794,https://servicombasculas.com.mx/carrito/?add-to-cart=794,"https://servicombasculas.com.mx/wp-content/uploads/2020/07/BAET-30-EJEMPLO-DE-ETIQUETA-1.jpg",1970-01-29T00:00+00:00/1970-01-30T23:59+00:00,26000MXN,new,published,,
wc_post_id_791,"Báscula Etiquetadora de 30 kg BAET-30","Báscula Etiquetadora de 30 kg 
Marca: Rhino 
Modelo: BAET-30 
Ideal para autoservicios, carnicerías y cremerías, incluye software para una fácil gestión de datos. 
 
  Software intuitivo. 
  Almacenamiento de 12,000 PLU . 
   Teclado de alta sensibilidad al tacto. 
   Impresión de tickets y etiquetas personalizadas. 
  Cubierta cubre polvo y agua. 
  Torreta con pantallas para usuario / cliente. 
 
Capacidad: 30 kilogramos 
 
Precisión: 5 gramos 
 
Material del plato: Acero inoxidable 
 
Medidas del plato: 34 x 26 cm 
 
Entrada de corriente: 110 - 240 V 50 / 60 Hz 1A 
 
Accesos directos: 224 
 
Conexión a PC: Ethernet 
 
Clase: Media lll",https://servicombasculas.com.mx/wp-content/uploads/2020/07/BAET-30.jpg,https://servicombasculas.com.mx/tienda/bascula-etiquetadora-de-30-kg-baet-30/,"Básculas de Mostrador, Básculas Etiquetadoras","Básculas Digitales",22000MXN,in stock,wc_post_id_791,https://servicombasculas.com.mx/carrito/?add-to-cart=791,"https://servicombasculas.com.mx/wp-content/uploads/2020/07/BAET-30-EJEMPLO-DE-ETIQUETA.jpg",1970-01-29T00:00+00:00/1970-01-30T23:59+00:00,22000MXN,new,published,,
wc_post_id_788,"Báscula de Mostrador a prueba de agua de 40 kg BARAG-40","Báscula de Mostrador a prueba de agua de 40 kg 
Marca: Rhino 
Modelo: BARAG-40 
Báscula de mostrador a prueba de agua, diseñada para resistir lugares de trabajo expuestos al contacto directo con agua y ambientes húmedos. 
 
  Grado de resistencia al agua IPX7. 
  Plato de 28 x 22 cm con canales inclinados que ayudan a escurrir el agua. 
  Funciones de caja registradora. 
 
Capacidad: 40 kilogramos 
 
Precisión: 5 gramos 
 
Material del plato: Plástico ABS 
 
Medidas del plato: 28 x 22 cm 
 
Entrada de corriente:  100-240 Vca 50/60 Hz 
 
Adaptador de ca / cc: 6 Vcc 500 mA 
 
Batería recargable: 4 Vcc 
 
Clase: Media lll",https://servicombasculas.com.mx/wp-content/uploads/2020/07/BARAG-40.jpg,https://servicombasculas.com.mx/tienda/bascula-de-mostrador-a-prueba-de-agua-de-40-kg-barag-40/,"Básculas de Mostrador","Básculas Digitales",2874MXN,in stock,wc_post_id_788,https://servicombasculas.com.mx/carrito/?add-to-cart=788,,1970-01-29T00:00+00:00/1970-01-30T23:59+00:00,2874MXN,new,published,,
wc_post_id_783,"Báscula Colgante de 5 toneladas BAC-5T","Báscula Colgante de 5 toneladas 
Marca: Rhino 
Modelo: BAC-5 
Construida en acero, diseño de uso rudo, ideal para la industria. 
 
  Acumulación de lecturas. 
  Función HOLD que congela la medición. 
 
Capacidad: 5 toneladas 
 
Precisión: 2 kilogramos 
 
Material carcasa: Acero 
 
Material ganchos: Acero 
 
Entrada de corriente: 110 Vca 60 Hz 
 
Adaptador ca / cc: 9Vcc 1 500 mA 
 
Batería recargable:  6 Vcc 
 
Clase: Media lll",https://servicombasculas.com.mx/wp-content/uploads/2020/07/BAC-5T.jpg,https://servicombasculas.com.mx/tienda/bascula-colgante-de-5-toneladas-bac-5t/,"Básculas Colgantes","Básculas Digitales",8030MXN,in stock,wc_post_id_783,https://servicombasculas.com.mx/carrito/?add-to-cart=783,,1970-01-29T00:00+00:00/1970-01-30T23:59+00:00,8030MXN,new,published,,
wc_post_id_781,"Báscula Colgante de 1 tonelada BAC-1T","Báscula Colgante de 1 tonelada 
Marca: Rhino 
Modelo: BAC-1T 
Construida en acero para el uso rudo, pantalla de gran visibilidad, ideal para uso en tablajerías, rastros, etc. 
 
  Acumulación de lecturas. 
  Función HOLD que congela la medición. 
 
Capacidad: 1 tonelada 
 
Precisión: 500 gramos 
 
Material carcasa: Acero 
 
Material gancho: Acero 
 
Entrada de corriente: 110 Vca 60 Hz 
 
Adaptador ca / cc: 9Vcc 1 500 mA 
 
Batería recargable: 6 Vcc 
 
Clase: Media lll",https://servicombasculas.com.mx/wp-content/uploads/2020/07/BAC-1T.jpg,https://servicombasculas.com.mx/tienda/bascula-colgante-de-1-tonelada-bac-1t/,"Básculas Colgantes","Básculas Digitales",7240MXN,in stock,wc_post_id_781,https://servicombasculas.com.mx/carrito/?add-to-cart=781,,1970-01-29T00:00+00:00/1970-01-30T23:59+00:00,7240MXN,new,published,,
wc_post_id_778,"Báscula Gramera de 100 g BABOL-100G","Báscula gramera de 100 g 
Marca: Rhino 
Modelo: BABOL-100G 
Precisión de 0.01 gramos, diseño ultraligero. 
 
   Funciona con 2 baterías de litio CR2032 (incluidas). 
  Pesa en: gramos, onzas y onzas troy. 
  Función de conteo de piezas. 
 
Capacidad: 100 gramos 
 
Precisión: 0.01 gramos 
 
Material del plato: Acero inoxidable 
 
Medidas del plato: 5.6 x 6.5 cm 
 
Alimentación: 2 baterías CR2032 3 Vcc 
 
Clase: Media lll0",https://servicombasculas.com.mx/wp-content/uploads/2020/07/BABOL-100G.jpg,https://servicombasculas.com.mx/tienda/bascula-gramera-de-100-g-babol-100g/,"Básculas Grameras","Básculas Digitales",550MXN,in stock,wc_post_id_778,https://servicombasculas.com.mx/carrito/?add-to-cart=778,,1970-01-29T00:00+00:00/1970-01-30T23:59+00:00,550MXN,new,published,,
wc_post_id_770,"Báscula Colgante de 500 kg BAC-500","Báscula Colgante de 500 kg 
Marca: Rhino 
Modelo: BAC-500 
Ideal para carnicerías, rastros, etc. 
 
  Máxima durabilidad, construida en acero. 
  Función HOLD que congela la medición. 
 
Capacidad: 500 kilogramos 
 
Precisión: 200 gramos 
 
Material carcasa: Acero 
 
Material ganchos: Acero 
 
Entrada de corriente: 4 baterías AA 1.5 Vcc 
 
Clase: Media III",https://servicombasculas.com.mx/wp-content/uploads/2020/07/BAC-500.jpg,https://servicombasculas.com.mx/tienda/bascula-colgante-de-500-kg-bac-500/,"Básculas Colgantes","Básculas Digitales",4430MXN,in stock,wc_post_id_770,https://servicombasculas.com.mx/carrito/?add-to-cart=770,,1970-01-29T00:00+00:00/1970-01-30T23:59+00:00,4430MXN,new,published,,
wc_post_id_768,"Báscula Colgante de 40 kg BACMU-40","Báscula Colgante de 40 kg 
Marca: Rhino 
Modelo: BACMU-40 
Ideal para pescaderías, verdulerías y recauderías. 
 
  Cucharón de acero inoxidable de 35 cm de diámetro y 10 cm de profundidad. 
  10 memorias de acceso directo. 
 
Capacidad: 40 kilogramos 
 
Precisión: 5 gramos 
 
Material carcasa: Plástico ABS 
 
Entrada de corriente: 110 Vca 60 Hz 
 
Adaptador ca / cc: 9 Vcc 500 mA 
 
Batería recargable: 3.7 Vcc / 1300 mA 
 
Clase: Media III",https://servicombasculas.com.mx/wp-content/uploads/2020/07/BACMU-40.jpg,https://servicombasculas.com.mx/tienda/bascula-colgante-de-40-kg-bacmu-40/,"Básculas Colgantes","Básculas Digitales",4555MXN,in stock,wc_post_id_768,https://servicombasculas.com.mx/carrito/?add-to-cart=768,,1970-01-29T00:00+00:00/1970-01-30T23:59+00:00,4555MXN,new,published,,
wc_post_id_765,"Báscula Colgante de 30 kg BACMU-30","Báscula Colgante de 30 kg 
Marca: Rhino 
Modelo: BACMU-30 
Ideal para verdulerías y recauderías. 
 
  Cucharón de acero inoxidable de 30 cm de diámetro y 6 cm de profundidad. 
  Pantallas para usuario y cliente. 
 
Capacidad: 30 kilogramos 
 
Precisión: 5 gramos 
 
Material carcasa: Plástico ABS 
 
Entrada de corriente: 100-240 Vca 50/60 Hz 
 
Adaptador ca / cc: 6 Vcc 500 mA 
 
Batería recargable: 4 Vcc 
 
Clase: Media III",https://servicombasculas.com.mx/wp-content/uploads/2020/07/BACMU-30.jpg,https://servicombasculas.com.mx/tienda/bascula-colgante-de-30-kg-bacmu-30/,"Básculas Colgantes","Básculas Digitales",3405MXN,in stock,wc_post_id_765,https://servicombasculas.com.mx/carrito/?add-to-cart=765,,1970-01-29T00:00+00:00/1970-01-30T23:59+00:00,3405MXN,new,published,,
wc_post_id_763,"Báscula Colgante de 20 kg BAC-20","Báscula Colgante de 20 kg Bac-20 
Marca: Rhino 
Modelo: BAC-20 
Ideal para verificar compras. 
 
  Función Tara. 
  Indicador de nivel de batería. 
  Pantallas de cuarzo con iluminación (backlight). 
 
Capacidad: 20 kilogramos 
 
Precisión: 10 gramos 
 
Material carcasa: Plástico 
 
Material ganchos: Acero 
 
Entrada de corriente: 1 batería CR2032 3 Vcc 
 
Clase: Media III",https://servicombasculas.com.mx/wp-content/uploads/2020/07/BAC-20.jpg,https://servicombasculas.com.mx/tienda/bascula-colgante-de-20-kg-bac-20/,"Básculas Colgantes","Básculas Digitales",490MXN,in stock,wc_post_id_763,https://servicombasculas.com.mx/carrito/?add-to-cart=763,,1970-01-29T00:00+00:00/1970-01-30T23:59+00:00,490MXN,new,published,,
wc_post_id_758,"Batería Recargable BAT-6VR","Batería Recargable 
Marca: Rhino 
Modelo: BAT-6VR 
Batería recargable de plomo ácido 6 V / 4 Ah.",https://servicombasculas.com.mx/wp-content/uploads/2020/07/BAT-6VR.jpg,https://servicombasculas.com.mx/tienda/bateria-recargable-bat-6vr/,"Refacciones","Básculas Digitales",250MXN,in stock,wc_post_id_758,https://servicombasculas.com.mx/carrito/?add-to-cart=758,,1970-01-29T00:00+00:00/1970-01-30T23:59+00:00,250MXN,new,published,,
wc_post_id_756,"Batería Recargable BAT-4VR","Batería Recargable 
Marca: Rhino 
Modelo: BAT-4VR 
Batería recargable de plomo ácido 4 V / 4 Ah.",https://servicombasculas.com.mx/wp-content/uploads/2020/07/BAT-4VR.jpg,https://servicombasculas.com.mx/tienda/bateria-recargable-bat-4vr/,"Refacciones","Básculas Digitales",250MXN,in stock,wc_post_id_756,https://servicombasculas.com.mx/carrito/?add-to-cart=756,,1970-01-29T00:00+00:00/1970-01-30T23:59+00:00,250MXN,new,published,,
wc_post_id_752,"Eliminador de Batería EBAT-120","Eliminador de Batería 
Marca: Rhino 
Modelo: EBAT-120 
120 Vca 60 Hz Salida 9 Vcc, 500 mA 4.5 W. 
 
Eliminador comercial",https://servicombasculas.com.mx/wp-content/uploads/2020/07/EBAT-120.jpg,https://servicombasculas.com.mx/tienda/eliminador-de-bateria-ebat-120/,"Refacciones","Básculas Digitales",320MXN,in stock,wc_post_id_752,https://servicombasculas.com.mx/carrito/?add-to-cart=752,,1970-01-29T00:00+00:00/1970-01-30T23:59+00:00,320MXN,new,published,,
wc_post_id_750,"Eliminador de Batería ADAPTA-01","Eliminador de Batería 
Marca: Rhino 
Modelo: ADAPTA-01 
100-240 Vca 50/60 Hz 150 mA Salida 6 Vcc, 500 mA. 
 
Compatible con modelos: BAR-7, BAR-8, BAR-8RS, BAR-8T, BAR-9, BAR-10, BAPRE-3, BAPO-10, BARAG-40, I-PEP, I-PES, I-SEP, I-PCA, BAPCA-100, BAPCA-200 y BAPCA-500",https://servicombasculas.com.mx/wp-content/uploads/2020/07/ADAPTA-01.jpg,https://servicombasculas.com.mx/tienda/eliminador-de-bateria-adapta-01/,"Refacciones","Básculas Digitales",250MXN,in stock,wc_post_id_750,https://servicombasculas.com.mx/carrito/?add-to-cart=750,,1970-01-29T00:00+00:00/1970-01-30T23:59+00:00,250MXN,new,published,,
wc_post_id_748,"Báscula de Plataforma a prueba de agua de 200 kg BAPAG-200","Báscula de Plataforma a prueba de agua de 200 kg 
Marca: Rhino 
Modelo: BAPAG-200 
Diseñada para lugares de trabajo expuestos al contacto directo con agua y ambientes húmedos, fabricada 100% en acero inoxidable. 
 
  Grado de protección: IP64 en plataforma e IP65 en indicador (I-PAG). 
  Indicador fabricado en acero inoxidable. 
  Puerto serial RS-232 (con indicador I-PAG). 
 
Capacidad: 200 kilogramos 
 
Precisión: 20 gramos 
 
Material del plato: Acero inoxidable 
 
Medidas del plato: 40 x 50 cm 
 
Entrada de corriente: 120 V ~ 60 Hz 
 
Adaptador de ca / cc: 10 Vcc / 600 mA 
 
Batería recargable: 7.2 Vcc 1200 mA 
 
Clase: Media III",https://servicombasculas.com.mx/wp-content/uploads/2020/07/BAPAG-200.jpg,https://servicombasculas.com.mx/tienda/bascula-de-plataforma-a-prueba-de-agua-de-200-kog-bapag-200/,"Básculas de Plataforma","Básculas Digitales",15000MXN,in stock,wc_post_id_748,https://servicombasculas.com.mx/carrito/?add-to-cart=748,,1970-01-29T00:00+00:00/1970-01-30T23:59+00:00,15000MXN,new,published,,
wc_post_id_746,"Báscula de Plataforma de 1 tonelada PLABA-9","Báscula de Plataforma de 1 tonelada 
Marca: Rhino 
Modelo: Plaba-9 
Ideales para recibo de mercancía en almacenes. Pueden usarse en piso o fosa. 
 
  Celdas de carga fabricadas en acero. 
  Caja de sumas resistente al agua (IP64). 
  Superficie diamante antiderrapante. 
 
Capacidad: 1 tonelada 
 
Precisión: 200 gramos 
 
Material: Acero al carbono 
 
Altura: 11 cm 
 
Clase: Media lll",https://servicombasculas.com.mx/wp-content/uploads/2020/07/PLABA-9.jpg,https://servicombasculas.com.mx/tienda/bascula-de-plataforma-de-1-tonelada-plaba-9/,"Básculas de Plataforma","Básculas Digitales",13000MXN,in stock,wc_post_id_746,https://servicombasculas.com.mx/carrito/?add-to-cart=746,,1970-01-29T00:00+00:00/1970-01-30T23:59+00:00,13000MXN,new,published,,
wc_post_id_741,"Báscula de Plataforma de 200 kg BAVET-200","Báscula de Plataforma de 200 kg 
Marca: Rhino 
Modelo: BAVET-200 
Ideal para uso veterinario por su plataforma rectangular y diseño con 4 celdas de carga. 
 
  Fabricada en acero inoxidable. 
  Pesa en: kilos y libras. 
 
Capacidad: 200 kilogramos 
 
Precisión: 100 gramos 
 
Material del plato: Acero inoxidable 
 
Medidas del plato: 60 x 90 cm 
 
Entrada de corriente:  110-115 Vca 50/60 Hz 
 
Adaptador de ca / cc: 6 Vcc 4 Ah 
 
Batería recargable: 4 Vcc 
 
Clase: Media III",https://servicombasculas.com.mx/wp-content/uploads/2020/07/BAVET-200.jpg,https://servicombasculas.com.mx/tienda/bascula-de-plataforma-de-200-kg-bavet-200/,"Básculas de Plataforma","Básculas Digitales",8200MXN,in stock,wc_post_id_741,https://servicombasculas.com.mx/carrito/?add-to-cart=741,"https://servicombasculas.com.mx/wp-content/uploads/2020/07/BAVET-200-PR.jpg",1970-01-29T00:00+00:00/1970-01-30T23:59+00:00,8200MXN,new,published,,
wc_post_id_738,"Báscula de Plataforma plegable de 500 kg BAPCA-500","Báscula de Plataforma plegable de 500 kg 
Marca: Rhino 
Modelo: BAPCA-500 
Excelente herramienta para el comercio gracias a su doble pantalla (usuario y cliente) que muestra peso, precio e importe. 
 
  Indicador de acero inoxidable. 
  Fácil transportación gracias a su diseño plegable portátil. 
  Función de cálculo de cambio. 
  Plataforma de acero al carbono con superficie diamante antiderrapante. 
 
Capacidad: 500 kilogramos 
 
Precisión: 50 gramos 
 
Material del plato: Acero al carbono 
 
Medidas del plato: 50 x 60 cm 
 
Entrada de corriente: 100-240 Vca 50/60 Hz 
 
Adaptador de ca / cc: 6 Vcc 500 mA 
 
Batería recargable: 4 Vcc 
 
Clase: Media III",https://servicombasculas.com.mx/wp-content/uploads/2020/07/BAPCA-500.jpg,https://servicombasculas.com.mx/tienda/bascula-de-plataforma-plegable-de-500-kg-bapca-500/,"Básculas de Plataforma","Básculas Digitales",5000MXN,in stock,wc_post_id_738,https://servicombasculas.com.mx/carrito/?add-to-cart=738,"https://servicombasculas.com.mx/wp-content/uploads/2020/07/BP-200-PL.jpg",1970-01-29T00:00+00:00/1970-01-30T23:59+00:00,5000MXN,new,published,,
wc_post_id_735,"Báscula de Plataforma plegable de 200 kg BAPCA-200","Báscula de Plataforma plegable de 200 kg 
Marca: Rhino 
Modelo: BAPCA-200 
Excelente herramienta para el comercio gracias a su doble pantalla (usuario y cliente) que muestra peso, precio e importe. 
 
  Indicador de acero inoxidable. 
  Fácil transportación gracias a su diseño plegable portátil. 
  Función de cálculo de cambio. 
  Plataforma de acero al carbono con superficie diamante antiderrapante. 
 
Capacidad: 200 kilogramos 
 
Precisión: 20 gramos 
 
Material del plato: Acero inoxidable 
 
Medidas del plato: 40 x 50 cm 
 
Entrada de corriente: 100-240 Vca 50/60 Hz 
 
Adaptador de ca / cc: 6 Vcc 500 mA 
 
Batería recargable: 4 Vcc 
 
Clase: Media III",https://servicombasculas.com.mx/wp-content/uploads/2020/07/BAPCA-200.jpg,https://servicombasculas.com.mx/tienda/bascula-de-plataforma-plegable-de-200-kg-bapca-200/,"Básculas de Plataforma","Básculas Digitales",3900MXN,in stock,wc_post_id_735,https://servicombasculas.com.mx/carrito/?add-to-cart=735,"https://servicombasculas.com.mx/wp-content/uploads/2020/07/BP-200-PL.jpg",1970-01-29T00:00+00:00/1970-01-30T23:59+00:00,3900MXN,new,published,,
wc_post_id_728,"Báscula de Plataforma plegable de 600 kg BP-600","Báscula de Plataforma plegable de 600 kg 
Marca: Rhino 
Modelo: BP-600 
Ideal para la industria alimentaria por su plataforma de acero inoxidable. La herramienta perfecta para el recibo de mercancía. 
 
  Fácil transportación gracias a su diseño plegable portátil. 
  Barandal de protección. 
  Plato de gran capacidad. 
  Soportes ajustables. 
 
Capacidad: 600 kilogramos 
 
Precisión: 100 gramos 
 
Material del plato: Acero inoxidable 
 
Medidas del plato: 60 x 80 cm 
 
Memorias de acceso directo: 4 
 
Entrada de corriente: 100-240 Vca 50/60 Hz 
 
Adaptador de ca / cc: 6 Vcc 600 mA 
 
Batería recargable: 4 Vcc 
 
Clase: Media III",https://servicombasculas.com.mx/wp-content/uploads/2020/07/BP-600.jpg,https://servicombasculas.com.mx/tienda/bascula-de-plataforma-plegable-de-600-kg-bp-600/,"Básculas de Plataforma","Básculas Digitales",7500MXN,in stock,wc_post_id_728,https://servicombasculas.com.mx/carrito/?add-to-cart=728,"https://servicombasculas.com.mx/wp-content/uploads/2020/07/BP-200-PL.jpg",1970-01-29T00:00+00:00/1970-01-30T23:59+00:00,7500MXN,new,published,,
wc_post_id_725,"Báscula de Plataforma plegable de 200 kg BP-200","Báscula de Plataforma plegable de 200 kg 
Marca: Rhino 
Modelo: BP-200 
Ideal para la industria alimentaria por su plataforma de acero inoxidable. Doble utilidad: para despacho o recibo de mercancía gracias a su indicador “peso, precio e importe”. 
 
  Fácil transportación gracias a su diseño plegable portátil. 
  Barandal de protección. 
  Plato de gran capacidad. 
  Soportes ajustables. 
 
Capacidad: 200 kilogramos 
 
Precisión: 20 gramos 
 
Material del plato: Acero inoxidable 
 
Medidas de plato: 40 x 50 cm 
 
Memorias de acceso directo: 4 
 
Entrada de corriente: 100-240 Vca 50/60 Hz 
 
Adaptador de ca / cc: 6 Vcc 600 mA 
 
Batería recargable: 4 Vcc 
 
Clase: Media III",https://servicombasculas.com.mx/wp-content/uploads/2020/07/BP-200.jpg,https://servicombasculas.com.mx/tienda/bascula-de-plataforma-plegable-de-200-kg-bp-200/,"Básculas de Plataforma","Básculas Digitales",4300MXN,in stock,wc_post_id_725,https://servicombasculas.com.mx/carrito/?add-to-cart=725,"https://servicombasculas.com.mx/wp-content/uploads/2020/07/BP-200-PL.jpg",1970-01-29T00:00+00:00/1970-01-30T23:59+00:00,4300MXN,new,published,,
wc_post_id_722,"Báscula de Plataforma plegable de 80 kg Bp-80","Báscula de Plataforma plegable de 80 kg 
Marca: Rhino 
Modelo: BP-80 
Excelente herramienta para el comercio de medio mayoreo, ya que está diseñada para poder usarse en el mostrador. 
 
  Fácil transportación gracias a su diseño plegable portátil. 
  Barandal de protección. 
  Plataforma de acero inoxdidable. 
  Indicador con pantallas para usuario / cliente. 
 
Capacidad: 80 kilogramos 
 
Precisión: 10 gramos 
 
Material del plato: Acero inoxidable 
 
Medidas del plato: 30 x 40 cm 
 
Entrada de corriente: 100-240 Vca 50/60 Hz 
 
Adaptador de ca / cc: 6 Vcc 500 mA 
 
Batería recargable: 4 Vcc 
 
Clase: Media III",https://servicombasculas.com.mx/wp-content/uploads/2020/07/BP-80.jpg,https://servicombasculas.com.mx/tienda/bascula-de-plataforma-80-kg-bp-80/,"Básculas de Plataforma","Básculas Digitales",3165MXN,in stock,wc_post_id_722,https://servicombasculas.com.mx/carrito/?add-to-cart=722,"https://servicombasculas.com.mx/wp-content/uploads/2020/07/BP-200-PL.jpg",1970-01-29T00:00+00:00/1970-01-30T23:59+00:00,3165MXN,new,published,,
wc_post_id_719,"Báscula de Baño para bebés de 25 kg BABE-25","Báscula de Baño para bebés de 25 kg 
Marca: Rhino 
Modelo: BABE-25 
Ideal para consultorios o en el hogar. Portátil y ligera. Diseño ergonómico en forma de cuna. 
 
  Pesa en: kilogramos y libras. 
  Funciona con 4 baterías AAA (incluidas). 
 
Capacidad: 25 kilogramos 
 
Precisión: 10 gramos 
 
Material: Plástico 
 
Medidas de la superficie: 57 x 34 cm 
 
Alimentación: 6 Vcc (4 baterías AAA, 1.5 Vcc) 
 
Clase: Media III",https://servicombasculas.com.mx/wp-content/uploads/2020/07/BABE-25.jpg,https://servicombasculas.com.mx/tienda/bascula-de-bano-para-bebes-de-25-kg-babe-25/,"Básculas de Baño","Básculas Digitales",1110MXN,in stock,wc_post_id_719,https://servicombasculas.com.mx/carrito/?add-to-cart=719,,1970-01-29T00:00+00:00/1970-01-30T23:59+00:00,1110MXN,new,published,,
wc_post_id_716,"Báscula de baño 180 kg BABAIN-180","Báscula de Baño 180 kg 
Marca: Rhino 
Modelo: BABAIN-180 
Además de pesar, mide el porcentaje de grasa, músculo, hidratación y masa ósea corporal. 
 
  App disponible para sistemas iOS y Android. 
  Encendido y apagado automático. 
  Pesa en: kilogramos y libras. 
 
Capacidad: 180 kilogramos 
 
Precisión: 10 gramos 
 
Material del plato: cristal templado / plástico 
 
Medidas del plato: 26 x 26 cm 
 
Alimentación: 3 Vcc (2 baterías AAA, 1.5 Vcc) 
 
Clase: Media III",https://servicombasculas.com.mx/wp-content/uploads/2020/07/BABAIN-180-BL.jpg,https://servicombasculas.com.mx/tienda/bascula-de-bano-180-kg-babain-180/,"Básculas de Baño","Básculas Digitales",700MXN,in stock,wc_post_id_716,https://servicombasculas.com.mx/carrito/?add-to-cart=716,"https://servicombasculas.com.mx/wp-content/uploads/2020/07/BABAIN-180-NG.jpg",1970-01-29T00:00+00:00/1970-01-30T23:59+00:00,700MXN,new,published,,
wc_post_id_714,"Báscula para Cocina de 3 kg BACI-3","Báscula para Cocina de 3 kg BACI-3 
Marca: Rhino 
Modelo: BACI-3 
Además de pesar, calcula volumen en mililitros, onzas líquidas y tazas (de leche, agua, harina y aceite). 
 
  Pesa en: gramos, libras y onzas. 
  Funciona con 2 baterías AAA de 1.5 Vcc (incluidas). 
 
Capacidad: 3 kilogramos 
 
Precisión: 1 gramos 
 
Material del plato: Plástico 
 
Diámetro del plato: 15 cm 
 
Alimentación: 3 Vcc (2 baterías AAA 1.5 Vcc) 
 
Clase: Media III",https://servicombasculas.com.mx/wp-content/uploads/2020/07/BACI-3.jpg,https://servicombasculas.com.mx/tienda/bascula-para-cocina-de-3-kg-baci-3/,"Básculas de Cocina, Básculas Grameras","Básculas Digitales",470MXN,in stock,wc_post_id_714,https://servicombasculas.com.mx/carrito/?add-to-cart=714,,1970-01-29T00:00+00:00/1970-01-30T23:59+00:00,470MXN,new,published,,
wc_post_id_708,"Báscula para Cocina 5 kg BAREC-5","Báscula digital para Cocina 5 kg 
Marca: Rhino 
Modelo: BAREC-5 
 
  Pesa en: gramos, libras y onzas. 
  Encendido automático. 
  Funciona con 1 batería CR2032 3 Vcc (incluida). 
 
Capacidad: 5 kilogramos 
 
Precisión: 1 gramo 
 
Superficie: Plástico. 
 
Medidas de la superficie: 15.5 x 20.5 cm 
 
Alimentación: 3 Vcc (1 batería CR2032). 
 
Clase: Media III",https://servicombasculas.com.mx/wp-content/uploads/2020/07/BAREC-5.jpg,https://servicombasculas.com.mx/tienda/bascula-para-cocina-5-kg-barec-5/,"Básculas de Cocina, Básculas Grameras","Básculas Digitales",460MXN,out of stock,wc_post_id_708,https://servicombasculas.com.mx/carrito/?add-to-cart=708,,1970-01-29T00:00+00:00/1970-01-30T23:59+00:00,460MXN,new,published,,
wc_post_id_706,"Báscula de Tazón para Cocina 5 kg BACITA-5","Báscula de Tazón para Cocina 5 kg 
Marca: Rhino 
Modelo: BACITA-5 
Ideal para la elaboración de platillos. Además de pesar, calcula volumen en mililitros, onzas líquidas y tazas (de leche, agua, harina y aceite). 
 
  Tazón desmontable transparente. 
  Pesa en: gramos, libras y onzas. 
  Funciona con 2 baterías AAA (incluidas). 
 
Capacidad: 5 kilogramos 
 
Precisión: 1 gramo 
 
Material del tazón: Plástico 
 
Diámetro del tazón: 22 cm 
 
Alimentación: 3 Vcc (2 baterías AAA 1.5 Vcc) 
 
Clase: Media III",https://servicombasculas.com.mx/wp-content/uploads/2020/07/BACITA-5.jpg,https://servicombasculas.com.mx/tienda/bascula-de-tazon-para-cocina-5-kg-bacita-5/,"Básculas de Cocina","Básculas Digitales",520MXN,in stock,wc_post_id_706,https://servicombasculas.com.mx/carrito/?add-to-cart=706,,1970-01-29T00:00+00:00/1970-01-30T23:59+00:00,520MXN,new,published,,
wc_post_id_682,"Báscula de mostrador de 30 kg Vinson","Báscula digital de 30 kg 
Marca: Vinson 
Modelo: Vins-30 
Ideal para negocios que requieren comenzar con una pequeña inversión. 
 
  Pantallas peso, precio y total. 
  Incluye mica transparente que protege la báscula contra líquidos, harina y polvo. 
  Función de conteo de piezas. 
 
  
 
Capacidad: 30 kilogramos 
 
Precisión: 5 gramos 
 
Material del plato: Acero inoxidable 
 
Medidas del plato: 27.5 x 21.5 cm 
 
Memorias de acceso directo: 4 
 
Entrada de corriente: 90-240 Vca 50/60 Hz 
 
Adaptador de ca / cc: 6 Vcc 500 mA 
 
Batería recargable: 4 Vcc 
 
Clase: Media lll",https://servicombasculas.com.mx/wp-content/uploads/2020/06/VINSON-30.jpg,https://servicombasculas.com.mx/tienda/bascula-de-mostrador-de-30-kg-vinson/,"Básculas de Mostrador","Básculas Digitales",950MXN,in stock,wc_post_id_682,https://servicombasculas.com.mx/carrito/?add-to-cart=682,,1970-01-29T00:00+00:00/1970-01-30T23:59+00:00,950MXN,new,published,,
wc_post_id_655,"Báscula multifunciones de 20 kilogramos BAR-6","Marca: Rhino 
Modelo: BAR-6 
Diseño compacto deal para negocios con espacio reducido en mostrador, precisión de 2 gramos. 
 
  Funciona con batería recargable 3.7 V 1500 mAh. 
  Pesa en: kilogramos y libras. 
  Función de conteo de piezas. 
  Función de cálculo de cambio. 
  Pantallas de peso, precio y total. 
  Pantallas posteriores. 
  Plato con perfiles angulados. 
 
Capacidad: 20 kilogramos 
 
Precisión: 2 gramos 
 
Material del plato: Acero inoxidable 
 
Medidas del plato: 28 x 20 cm 
 
Entrada de corriente: 100-240 Vca  50/60 Hz 
 
Adaptador de ca ­/ cc: 4.2 V  500 mA 
 
Batería recargable: 3.7 V 1500 mAh 
 
Clase: Media lll",https://servicombasculas.com.mx/wp-content/uploads/2020/06/BAR-6.jpg,https://servicombasculas.com.mx/tienda/bascula-multifunciones-de-20-kilogramos-bar-6/,"Básculas Contadoras, Básculas de Mostrador","Básculas Digitales",980MXN,in stock,wc_post_id_655,https://servicombasculas.com.mx/carrito/?add-to-cart=655,,1970-01-29T00:00+00:00/1970-01-30T23:59+00:00,980MXN,new,published,,
wc_post_id_356,"Báscula Gramera de 3 kg BAPRE-3","Báscula Digital Gramera de 3 kg 
Marca: Rhino 
 
Modelo: BAPRE-3 
 
Precisión de 0.2 gramos, diseño compacto. 
 
  Funciona con 2 baterías AAA de 1.5 Vcc (incluidas). 
  Pesa en: gramos, libras y onzas 
  Función de cálculo de porciones 
  Función de TARA 
  Función de conteo de piezas 
 
Capacidad: 3 kilogramos 
 
Precisión: 0.2 gramos 
 
Material del plato: Acero inoxidable 
 
Medidas del plato: 15.5 x 15.15 cm 
 
Alimentación: 2 baterías AAA 1.5 Vcc 
 
Clase: Fina II",https://servicombasculas.com.mx/wp-content/uploads/2019/01/BAPRE-3.jpg,https://servicombasculas.com.mx/tienda/bascula-gramera-de-3-kg-bapre-3/,"Básculas de Cocina, Básculas Grameras","Básculas Digitales",880MXN,in stock,wc_post_id_356,https://servicombasculas.com.mx/carrito/?add-to-cart=356,,1970-01-29T00:00+00:00/1970-01-30T23:59+00:00,880MXN,new,published,,
wc_post_id_352,"Báscula Contadora 30 kg BACO-30","Báscula Contadora de piezas de 30 kg 
Marca: Rhino 
 
Modelo: BACO-30 
 
La solución perfecta para despacho o conteo de inventarios. Ideal para peleterías, ferreterías, mercerías, tornillerías, etc. 
 
  Pantallas de peso, precio y total 
  Programación de muestra por teclado 
  Conexión a PC o impresora (RS-232) 
  Pesa en: kilogramos, gramos y libras 
  Alarma de máximos 
  Función de TARA por teclado 
  Incluye mica transparente que protege la báscula contra líquidos y polvo. 
 
Capacidad:30 kilogramos 
 
Precisión: 1 gramo 
 
Material del plato: Acero inoxidable 
 
Medidas del plato: 28.5 x 24 cm 
 
Entrada de corriente: 110 Vca 60 Hz 
 
Batería recargable: 4 Vcc 
 
Clase: Fina II",https://servicombasculas.com.mx/wp-content/uploads/2019/01/baco-30.jpg,https://servicombasculas.com.mx/tienda/bascula-contadora-30-kg-baco-30/,"Básculas Contadoras","Básculas Digitales",2950MXN,in stock,wc_post_id_352,https://servicombasculas.com.mx/carrito/?add-to-cart=352,"https://servicombasculas.com.mx/wp-content/uploads/2019/01/conecta.jpg,https://servicombasculas.com.mx/wp-content/uploads/2019/01/baco-30-s.jpg",1970-01-29T00:00+00:00/1970-01-30T23:59+00:00,2950MXN,new,published,,
wc_post_id_345,"Báscula de Plataforma 3 toneladas PLABA-12","Báscula de Plataforma de 3 toneladas 
Superficie de 120 x 120 cm 
Marca: Rhino 
 
Modelo: PLABA-12 
 
Ideales para recibo de mercancía en almacenes. Pueden usarse en piso o fosa. Puede venderse con indicador alámbrico modelo I-QY o indicador inalámbrico I-QYW 
 
  
 
  Caja de conexiones resistente al agua (IP64) 
  Superficie diamante antiderrapante 
  Celdas de carga fabricadas en acero 
  Pintura horneada de alta resistencia a impactos 
 
  
 
Capacidad: 1 a 3 toneladas 
 
Precisión: 200 y 500 gramos 
 
Material: Acero al carbón 
 
Medidas de plataforma: 120 x 120 cm 
 
Altura: 11 cm 
 
Clase: Media III",https://servicombasculas.com.mx/wp-content/uploads/2019/01/PLABA-12-1.jpg,https://servicombasculas.com.mx/tienda/bascula-de-plataforma-3-toneladas-plaba-12/,"Básculas de Plataforma","Básculas Digitales",16000MXN,in stock,wc_post_id_345,https://servicombasculas.com.mx/carrito/?add-to-cart=345,"https://servicombasculas.com.mx/wp-content/uploads/2019/01/plaba12-prod2.jpg",1970-01-29T00:00+00:00/1970-01-30T23:59+00:00,16000MXN,new,published,,
wc_post_id_341,"Báscula de Baño 180 kg BABA-180","Báscula de baño digital de 180 kilogramos 
Marca: Rhino 
 
Modelo: BABA-180 
 
Báscula de baño con precisión digital para pesaje corporal en el hogar. 
 
Fabricada en cristal templado de 6 mm de espesor. 
 
  Diseño ligero y fácil de transportar 
  Encendido y apagado automático 
  Pesa en: kilogramos y libras 
  Funciona con 2 baterías AAA 
  Encendido y apagado automático 
 
Capacidad: 180 kilogramos 
 
Precisión: 100 gramos 
 
Material del plato: Cristal templado 
 
Medidas del plato: 30 x 30 cm 
 
Alimentación: 2 baterías AAA 1.5 Vcc 
 
Clase: Media III",https://servicombasculas.com.mx/wp-content/uploads/2019/01/BABA-180.jpg,https://servicombasculas.com.mx/tienda/bascula-de-bano-180-kg-baba-180/,"Básculas de Baño","Básculas Digitales",550MXN,out of stock,wc_post_id_341,https://servicombasculas.com.mx/carrito/?add-to-cart=341,,1970-01-29T00:00+00:00/1970-01-30T23:59+00:00,550MXN,new,published,,
wc_post_id_335,"Báscula Colgante de 300 kg BAC-300","Báscula de Gancho de 300 kg 
Marca: Rhino 
 
Modelo: BAC-300 
 
Ideal para carnicerías, rastros, etc. Gran capacidad de pesaje en una estructura compacta (750g), números de 2.4 cm. 
 
  Máxima durabilidad, construida en acero 
  Función HOLD que congela la medición 
  Ideal para canales en cámaras de refrigeración 
 
Capacidad: 300 kilogramos 
 
Precisión: 100 gramos 
 
Material carcasa: Acero 
 
Material ganchos: Acero 
 
Entrada de corriente: 3 baterías AA 1.5 Vcc 
 
Clase: Media III",https://servicombasculas.com.mx/wp-content/uploads/2019/01/bac-300-prod.jpg,https://servicombasculas.com.mx/tienda/bascula-colgante-de-300-kg-bac-300/,"Básculas Colgantes","Básculas Digitales",2950MXN,in stock,wc_post_id_335,https://servicombasculas.com.mx/carrito/?add-to-cart=335,,1970-01-29T00:00+00:00/1970-01-30T23:59+00:00,2950MXN,new,published,,
wc_post_id_330,"Báscula de plataforma 100 kg BAPCA-100","Báscula de plataforma de 100 kg 
 
Marca: Rhino 
 
Modelo: BAPCA-100 
 
Excelente herramienta para el comercio gracias a su doble pantalla (usuario y cliente) que muestra peso, precio e importe. 
 
  Indicador de acero inoxidable 
  Fácil transportación gracias a su diseño plegable portátil 
  Función de cálculo de cambio 
  Plataforma de acero al carbono con superficie diamante anti-derrapante 
  Sistema plegable 
  Útil para despachar y recibir mercancía 
  Pantalla para cliente 
  Batería recargable de 100 horas 
 
Capacidad: 100 kilogramos 
 
Precisión: 10 gramos 
 
Material del plato: Acero al carbón 
 
Medidas del plato: 32 x 42 cm 
 
Entrada de corriente: 100-240 Vca 50/60 Hz 
 
Adaptador de ca / cc: 6 Vcc 500 mA 
 
Batería recargable: 4 Vcc 
 
Clase: Media III",https://servicombasculas.com.mx/wp-content/uploads/2019/01/bapca-100-prod.jpg,https://servicombasculas.com.mx/tienda/bascula-de-plataforma-100-kg-bapca-100/,"Básculas de Plataforma","Básculas Digitales",3250MXN,in stock,wc_post_id_330,https://servicombasculas.com.mx/carrito/?add-to-cart=330,,1970-01-29T00:00+00:00/1970-01-30T23:59+00:00,3250MXN,new,published,,
wc_post_id_319,"Báscula de Tazón para Cocina 5 kg BATA-5","Báscula de Tazón para Cocina de 5 kg 
Marca: Rhino 
 
Modelo: BATA-5 
 
Ideal para la elaboración de platillos. Además de pesar, calcula volumen en mililitros, onzas líquidas y tazas (de leche, agua, harina y aceite). 
 
  
 
  Tazón de acero inoxidable de 1.5 litros de capacidad 
  Pesa en: gramos, libras y onzas 
  Totalmente portátil, funciona con 2 baterías AAA (incluidas) 
  Tazón con graduación 
  Tazón desmontable 
 
  
 
Capacidad: 5 kilogramos 
 
Precisión: 1 gramo 
 
Material del plato: Acero inoxidable 
 
Diámetro de tazón: 21 cm 
 
Altura de tazón: 9.5 cm 
 
Alimentación: 2 baterías AAA 1.5 Vcc 
 
Clase: Media III",https://servicombasculas.com.mx/wp-content/uploads/2019/01/bascula-electronica-de-tazon-.jpg,https://servicombasculas.com.mx/tienda/bascula-de-tazon-para-cocina-5-kg-bata-5/,"Básculas de Cocina","Básculas Digitales",750MXN,in stock,wc_post_id_319,https://servicombasculas.com.mx/carrito/?add-to-cart=319,,1970-01-29T00:00+00:00/1970-01-30T23:59+00:00,750MXN,new,published,,
wc_post_id_316,"Báscula para Cocina 5 kg BACI-5","Báscula digital para Cocina de 5 kg 
 
Marca: Rhino 
 
Modelo: BACI-5 
 
Precisión de 1 gramo, diseño compacto, ideal para uso en cocinas. 
 
  
 
  Calcula volumen en: mililitros y onzas (para medir agua y leche) 
  Pesa en: gramos, libras y onzas 
  Funciona con 2 baterías AAA de 1.5 Vcc (incluidas) 
 
  
 
Capacidad: 5 kilogramos 
 
Precisión: 1 gramo 
 
Material del plato: Plástico 
 
Diámetro del plato: 17 cm 
 
Alimentación: 2 baterías AAA 1.5 Vcc 
 
Clase: Media III",https://servicombasculas.com.mx/wp-content/uploads/2019/01/baci-5-2.jpg,https://servicombasculas.com.mx/tienda/bascula-para-cocina-5-kg-baci-5/,"Básculas de Cocina, Básculas Grameras","Básculas Digitales",550MXN,in stock,wc_post_id_316,https://servicombasculas.com.mx/carrito/?add-to-cart=316,,1970-01-29T00:00+00:00/1970-01-30T23:59+00:00,550MXN,new,published,,
wc_post_id_289,"Báscula de mostrador de 30 kilogramos BAR-7","Marca: Rhino 
Modelo: BAR-7 
Ideal para comercios pequeños con menos espacio en mostrador, 2 gramos de precisión, reduce mermas al mínimo. 
 
  Funciones de caja registradora 
  Suma productos no pesados a la cuenta 
  Pantallas de peso, precio y total 
  Incluye mica transparente que protege la báscula contra líquidos, harina y polvo 
  Plato con perfiles angulados para evitar derrames 
  Pantallas posteriores 
 
Capacidad:     30 kilogramos 
 
Precisión:     2 gramos 
 
Material del plato:     Acero inoxidable 
 
Medidas del plato:     33 x 25 cm 
 
Memorias acceso directo:      3 
 
Entrada de corriente:      100-240 Vca 50/60 Hz 
 
Adaptador de ca / cc:     6 Vcc 500 mA 
 
Batería recargable:     4 Vcc 
 
Clase:      Fina II",https://servicombasculas.com.mx/wp-content/uploads/2019/01/BAR-7.jpg,https://servicombasculas.com.mx/tienda/bascula-de-mostrador-de-30-kilogramos-bar-7/,"Básculas de Mostrador","Básculas Digitales",1730MXN,in stock,wc_post_id_289,https://servicombasculas.com.mx/carrito/?add-to-cart=289,"https://servicombasculas.com.mx/wp-content/uploads/2019/01/bascula-electronica-30kg-funcion-caja-registradora-comprosi-D_NQ_NP_484411-MLM20561511745_012016-F.png,https://servicombasculas.com.mx/wp-content/uploads/2019/01/bascula-electronica-30kg-funcion-caja-registradora-comprosi-D_NQ_NP_862723-MLM28588126117_112018-F.png",1970-01-29T00:00+00:00/2038-01-17T23:59+00:00,1650MXN,new,published,,
wc_post_id_165,"Báscula de mostrador de 40 kg Vinson","Báscula digital de 40 kg 
Marca: Vinson 
Modelo: Vins-40 
Para el comercio en general, ideal para tiendas de abarrotes y misceláneas cuenta con pantallas posteriores lo que la hacen Ideal para despachar en mostrador. 
 
  
 
  Pantallas de peso, precio y total 
  Incluye mica transparente que protege la báscula contra líquidos, harina y polvo 
  Función de conteo de piezas 
 
Capacidad: 40 kilogramos 
 
Precisión: 5 gramos 
 
Material del plato: Acero inoxidable 
 
Medidas del plato: 33 x 23 cm 
 
Memorias acceso directo: 4 
 
Entrada de corriente: 90-240 Vca 50/60 Hz 
 
Adaptador de ca / cc: 6 Vcc 500 mA 
 
Batería recargable: 4 Vcc 
 
Clase: Media III",https://servicombasculas.com.mx/wp-content/uploads/2018/12/VINSON.jpg,https://servicombasculas.com.mx/tienda/bascula-de-mostrador-de-40-kg-vinson/,"Básculas Contadoras, Básculas de Mostrador","Básculas Digitales",1065MXN,in stock,wc_post_id_165,https://servicombasculas.com.mx/carrito/?add-to-cart=165,"https://servicombasculas.com.mx/wp-content/uploads/2018/12/VINS-40-App-600x600.jpg,https://servicombasculas.com.mx/wp-content/uploads/2018/12/bascula-electronica-digital-vinson-40-kg-rhino-vins-40-D_NQ_NP_874829-MLM26130804467_102017-F.jpg",1970-01-29T00:00+00:00/1970-01-30T23:59+00:00,1065MXN,new,published,,
wc_post_id_144,"Báscula de mostrador 40 kilogramos Bar-8","Báscula digital de 40 kg 
Marca: Rhino 
Modelo: BAR-8 
Ideal para el comercio en general, 2 gramos de precisión, reduce mermas al mínimo. 
 
● Funciones de caja registradora 
 
● Suma productos no pesados a la cuenta 
 
● Pantallas de peso, precio y total 
 
● Incluye mica transparente que protege la báscula contra líquidos, harina y polvos 
 
● Pantallas posteriores 
 
● Plato con perfiles angulados para evitar derrames 
 
  
Capacidad:                                  40 kilogramos 
Precisión:                                    2 gramos 
Material del plato:                    Acero inoxidable 
Medidas del plato:                    33 x 25 cm 
Memorias acceso directo:       3 
Entrada de corriente:               100-240 Vca 50/60 Hz 
Adaptador de ca / cc:               6 Vcc 500 mA 
Batería recargable:                   4 Vcc 
Clase:                                          Fina II",https://servicombasculas.com.mx/wp-content/uploads/2018/12/BAR-8.jpg,https://servicombasculas.com.mx/tienda/bascula-de-mostrador-40-kilogramos-bar-8/,"Básculas de Mostrador","Básculas Digitales",1900MXN,in stock,wc_post_id_144,https://servicombasculas.com.mx/carrito/?add-to-cart=144,"https://servicombasculas.com.mx/wp-content/uploads/2018/12/ejemplo.png,https://servicombasculas.com.mx/wp-content/uploads/2018/12/posterior.png",1970-01-29T00:00+00:00/1970-01-30T23:59+00:00,1900MXN,new,published,,
wc_post_id_97,"Báscula de mostrador 30 kg Advance BASE-30A","Ideal para tiendas de abarrotes, misceláneas y mercados ambulantes. 
 
● Función para verificación de billetes 
● Función de cálculo de cambio 
● Función de conteo de piezas 
● Incluye mica protectora que protege la báscula contra líquidos, harina y polvo 
 
Capacidad: 30 kilogramos 
Precisión: 5 gramos 
Material del plato: Inoxidable 
Medidas del plato: 34 x 23.5 cm 
Memorias acceso directo: 4 
Entrada de corriente: 90-240 Vca 50/60 Hz 
Adaptador de ca / cc: 6 Vcc 500 mA 
Batería recargable: 4 Vcc 
Clase: Media III 
Detector de billetes: Luz ultravioleta 
 
  
 
https://servicombasculas.com.mx/wp-content/uploads/2018/12/ADVANCE.mp4",https://servicombasculas.com.mx/wp-content/uploads/2018/12/ANVANCE.jpg,https://servicombasculas.com.mx/tienda/bascula-de-mostrador-de-30-kg-advance-base-30a/,"Básculas Contadoras, Básculas de Mostrador","Básculas Digitales",1450MXN,in stock,wc_post_id_97,https://servicombasculas.com.mx/carrito/?add-to-cart=97,"https://servicombasculas.com.mx/wp-content/uploads/2018/12/BASE-30A_300-500x500.png,https://servicombasculas.com.mx/wp-content/uploads/2018/12/base-30a_3.png",1970-01-29T00:00+00:00/1970-01-30T23:59+00:00,1450MXN,new,published,,
